Company,MissionStatus
AEB,0
AEB,0
AEB,0
AMBA,1
AMBA,1
AMBA,0
AMBA,0
AMBA,0
AMBA,0
AMBA,1
AMBA,1
Arianespace,1
Arianespace,1
Arianespace,1
Arianespace,1
Arianespace,0
Arianespace,0
Arianespace,1
Arianespace,1
Arianespace,1
Arianespace,1
Arianespace,1
Arianespace,1
Arianespace,1
Arianespace,1
Arianespace,1
Arianespace,1
Arianespace,1
Arianespace,1
Arianespace,1
Arianespace,1
Arianespace,1
Arianespace,1
Arianespace,1
Arianespace,1
Arianespace,1
Arianespace,1
Arianespace,1
Arianespace,0
Arianespace,1
Arianespace,1
Arianespace,1
Arianespace,1
Arianespace,1
Arianespace,1
Arianespace,1
Arianespace,1
Arianespace,1
Arianespace,1
Arianespace,1
Arianespace,1
Arianespace,1
Arianespace,1
Arianespace,1
Arianespace,1
Arianespace,1
Arianespace,1
Arianespace,1
Arianespace,1
Arianespace,1
Arianespace,1
Arianespace,1
Arianespace,1
Arianespace,1
Arianespace,1
Arianespace,0
Arianespace,0
Arianespace,1
Arianespace,1
Arianespace,1
Arianespace,1
Arianespace,1
Arianespace,1
Arianespace,1
Arianespace,1
Arianespace,1
Arianespace,1
Arianespace,1
Arianespace,1
Arianespace,1
Arianespace,1
Arianespace,1
Arianespace,1
Arianespace,1
Arianespace,1
Arianespace,1
Arianespace,1
Arianespace,1
Arianespace,1
Arianespace,1
Arianespace,1
Arianespace,1
Arianespace,1
Arianespace,1
Arianespace,1
Arianespace,1
Arianespace,1
Arianespace,1
Arianespace,1
Arianespace,1
Arianespace,1
Arianespace,1
Arianespace,1
Arianespace,1
Arianespace,1
Arianespace,1
Arianespace,1
Arianespace,1
Arianespace,1
Arianespace,1
Arianespace,1
Arianespace,1
Arianespace,1
Arianespace,1
Arianespace,1
Arianespace,1
Arianespace,1
Arianespace,1
Arianespace,1
Arianespace,1
Arianespace,1
Arianespace,1
Arianespace,1
Arianespace,1
Arianespace,1
Arianespace,1
Arianespace,1
Arianespace,1
Arianespace,1
Arianespace,1
Arianespace,1
Arianespace,1
Arianespace,1
Arianespace,1
Arianespace,1
Arianespace,1
Arianespace,1
Arianespace,1
Arianespace,1
Arianespace,1
Arianespace,1
Arianespace,1
Arianespace,1
Arianespace,1
Arianespace,1
Arianespace,1
Arianespace,1
Arianespace,1
Arianespace,0
Arianespace,1
Arianespace,1
Arianespace,0
Arianespace,1
Arianespace,1
Arianespace,1
Arianespace,1
Arianespace,1
Arianespace,1
Arianespace,1
Arianespace,1
Arianespace,1
Arianespace,1
Arianespace,1
Arianespace,1
Arianespace,1
Arianespace,1
Arianespace,1
Arianespace,1
Arianespace,1
Arianespace,1
Arianespace,1
Arianespace,1
Arianespace,1
Arianespace,1
Arianespace,1
Arianespace,1
Arianespace,1
Arianespace,1
Arianespace,1
Arianespace,1
Arianespace,1
Arianespace,1
Arianespace,1
Arianespace,1
Arianespace,1
Arianespace,1
Arianespace,1
Arianespace,1
Arianespace,1
Arianespace,1
Arianespace,1
Arianespace,1
Arianespace,1
Arianespace,1
Arianespace,1
Arianespace,1
Arianespace,1
Arianespace,1
Arianespace,1
Arianespace,1
Arianespace,1
Arianespace,1
Arianespace,1
Arianespace,1
Arianespace,1
Arianespace,1
Arianespace,1
Arianespace,1
Arianespace,1
Arianespace,1
Arianespace,1
Arianespace,1
Arianespace,1
Arianespace,1
Arianespace,1
Arianespace,1
Arianespace,1
Arianespace,1
Arianespace,1
Arianespace,1
Arianespace,1
Arianespace,1
Arianespace,1
Arianespace,1
Arianespace,1
Arianespace,1
Arianespace,1
Arianespace,1
Arianespace,1
Arianespace,1
Arianespace,1
Arianespace,1
Arianespace,1
Arianespace,1
Arianespace,1
Arianespace,1
Arianespace,1
Arianespace,1
Arianespace,1
Arianespace,1
Arianespace,0
Arianespace,1
Arianespace,1
Arianespace,1
Arianespace,1
Arianespace,1
Arianespace,1
Arianespace,1
Arianespace,1
Arianespace,1
Arianespace,1
Arianespace,1
Arianespace,1
Arianespace,1
Arianespace,1
Arianespace,1
Arianespace,1
Arianespace,1
Arianespace,1
Arianespace,0
Arianespace,1
Arianespace,1
Arianespace,1
Arianespace,1
Arianespace,1
Arianespace,1
Arianespace,1
Arianespace,1
Arianespace,1
Arianespace,1
Arianespace,1
Arianespace,1
Arianespace,1
Arianespace,1
Arianespace,1
Arianespace,1
Arianespace,1
Arianespace,1
Arianespace,1
Arianespace,1
Arianespace,1
Arianespace,1
Arianespace,1
Arianespace,1
Arianespace,1
Arianespace,1
Arianespace,1
Arianespace,1
Arianespace,1
Arianespace,1
Arianespace,1
Arianespace,1
Arianespace,1
Arianespace,1
Arianespace,1
Arianespace,1
Arianespace,0
Arianespace,1
Arianespace,0
Arianespace,1
Arianespace,1
Arianespace,1
Arianespace,1
Arianespace,1
Armée de l'Air,1
Armée de l'Air,1
Armée de l'Air,0
Armée de l'Air,1
ASI,1
ASI,1
ASI,1
ASI,1
ASI,1
ASI,1
ASI,1
ASI,1
ASI,1
Astra,0
Astra,0
Astra,1
Astra,0
Astra,1
Astra,0
Astra,0
Blue Origin,1
Blue Origin,1
Blue Origin,1
Blue Origin,1
Blue Origin,1
Blue Origin,1
Blue Origin,1
Blue Origin,1
Blue Origin,1
Blue Origin,1
Blue Origin,1
Blue Origin,1
Blue Origin,1
Blue Origin,1
Blue Origin,1
Blue Origin,1
Blue Origin,1
Blue Origin,1
Blue Origin,1
Blue Origin,1
Blue Origin,1
Boeing,1
Boeing,1
Boeing,1
Boeing,1
Boeing,1
Boeing,1
Boeing,1
Boeing,1
Boeing,1
Boeing,1
Boeing,1
Boeing,1
Boeing,1
Boeing,1
Boeing,1
Boeing,1
Boeing,1
Boeing,1
Boeing,1
Boeing,1
Boeing,1
Boeing,1
Boeing,1
Boeing,1
Boeing,1
Boeing,1
Boeing,1
Boeing,0
Boeing,1
Boeing,1
Boeing,1
Boeing,1
Boeing,1
Boeing,1
Boeing,1
Boeing,1
Boeing,1
Boeing,1
Boeing,1
Boeing,1
Boeing,1
Boeing,1
Boeing,1
Boeing,1
Boeing,1
Boeing,1
Boeing,1
Boeing,1
Boeing,1
Boeing,1
Boeing,1
Boeing,1
Boeing,1
Boeing,1
Boeing,1
Boeing,1
Boeing,1
Boeing,1
Boeing,1
Boeing,1
Boeing,1
Boeing,1
Boeing,1
Boeing,1
Boeing,1
Boeing,1
Boeing,1
Boeing,1
Boeing,1
Boeing,1
Boeing,1
Boeing,1
Boeing,1
Boeing,1
Boeing,1
Boeing,0
Boeing,1
Boeing,1
Boeing,1
Boeing,1
Boeing,1
Boeing,1
Boeing,0
Boeing,1
Boeing,0
Boeing,1
Boeing,1
Boeing,1
Boeing,1
Boeing,1
Boeing,1
Boeing,1
Boeing,1
Boeing,1
Boeing,1
Boeing,1
Boeing,1
Boeing,1
Boeing,1
Boeing,1
Boeing,1
Boeing,1
Boeing,1
Boeing,1
Boeing,1
Boeing,1
Boeing,1
Boeing,1
Boeing,1
Boeing,1
Boeing,1
Boeing,1
Boeing,1
Boeing,1
Boeing,1
Boeing,1
Boeing,1
Boeing,1
Boeing,1
Boeing,1
Boeing,1
Boeing,1
Boeing,1
Boeing,1
Boeing,1
Boeing,1
Boeing,1
Boeing,1
Boeing,1
Boeing,1
Boeing,1
Boeing,1
Boeing,0
Boeing,1
Boeing,1
Boeing,1
CAS Space,1
CASC,1
CASC,1
CASC,0
CASC,1
CASC,1
CASC,1
CASC,1
CASC,1
CASC,1
CASC,1
CASC,1
CASC,1
CASC,1
CASC,1
CASC,1
CASC,1
CASC,1
CASC,1
CASC,0
CASC,1
CASC,1
CASC,0
CASC,1
CASC,1
CASC,1
CASC,0
CASC,0
CASC,1
CASC,1
CASC,1
CASC,1
CASC,1
CASC,1
CASC,1
CASC,1
CASC,1
CASC,1
CASC,1
CASC,1
CASC,1
CASC,1
CASC,1
CASC,1
CASC,1
CASC,1
CASC,1
CASC,1
CASC,1
CASC,1
CASC,1
CASC,1
CASC,1
CASC,1
CASC,1
CASC,1
CASC,1
CASC,0
CASC,1
CASC,1
CASC,1
CASC,1
CASC,1
CASC,1
CASC,1
CASC,1
CASC,1
CASC,1
CASC,1
CASC,1
CASC,1
CASC,1
CASC,1
CASC,1
CASC,1
CASC,0
CASC,1
CASC,1
CASC,1
CASC,1
CASC,1
CASC,1
CASC,1
CASC,1
CASC,1
CASC,1
CASC,1
CASC,1
CASC,1
CASC,1
CASC,1
CASC,1
CASC,1
CASC,0
CASC,1
CASC,1
CASC,1
CASC,1
CASC,1
CASC,1
CASC,1
CASC,0
CASC,1
CASC,1
CASC,1
CASC,1
CASC,1
CASC,0
CASC,1
CASC,0
CASC,1
CASC,1
CASC,1
CASC,1
CASC,1
CASC,1
CASC,1
CASC,1
CASC,1
CASC,1
CASC,1
CASC,1
CASC,1
CASC,1
CASC,1
CASC,1
CASC,1
CASC,1
CASC,1
CASC,1
CASC,1
CASC,1
CASC,1
CASC,1
CASC,1
CASC,1
CASC,1
CASC,1
CASC,1
CASC,1
CASC,1
CASC,1
CASC,1
CASC,1
CASC,1
CASC,1
CASC,1
CASC,1
CASC,1
CASC,1
CASC,1
CASC,1
CASC,1
CASC,1
CASC,1
CASC,1
CASC,1
CASC,1
CASC,1
CASC,1
CASC,1
CASC,1
CASC,1
CASC,1
CASC,1
CASC,1
CASC,1
CASC,1
CASC,1
CASC,1
CASC,1
CASC,1
CASC,1
CASC,1
CASC,1
CASC,1
CASC,1
CASC,1
CASC,1
CASC,1
CASC,0
CASC,0
CASC,1
CASC,1
CASC,1
CASC,1
CASC,1
CASC,1
CASC,1
CASC,1
CASC,1
CASC,1
CASC,1
CASC,0
CASC,1
CASC,1
CASC,1
CASC,1
CASC,1
CASC,1
CASC,1
CASC,1
CASC,1
CASC,1
CASC,1
CASC,1
CASC,1
CASC,1
CASC,1
CASC,1
CASC,1
CASC,1
CASC,1
CASC,1
CASC,1
CASC,0
CASC,0
CASC,0
CASC,1
CASC,1
CASC,1
CASC,1
CASC,0
CASC,1
CASC,1
CASC,1
CASC,1
CASC,0
CASC,1
CASC,1
CASC,1
CASC,1
CASC,1
CASC,1
CASC,1
CASC,1
CASC,1
CASC,1
CASC,1
CASC,1
CASC,1
CASC,1
CASC,1
CASC,0
CASC,1
CASC,1
CASC,1
CASC,1
CASC,1
CASC,1
CASC,1
CASC,1
CASC,1
CASC,1
CASC,1
CASC,1
CASC,1
CASC,1
CASC,1
CASC,1
CASC,1
CASC,1
CASC,1
CASC,1
CASC,1
CASC,1
CASC,1
CASC,1
CASC,1
CASC,1
CASC,1
CASC,1
CASC,1
CASC,1
CASC,1
CASC,1
CASC,1
CASC,1
CASC,1
CASC,1
CASC,1
CASC,1
CASC,1
CASC,1
CASC,1
CASC,1
CASC,1
CASC,1
CASC,1
CASC,1
CASC,1
CASC,1
CASC,1
CASC,1
CASC,1
CASC,1
CASC,1
CASC,1
CASC,1
CASC,1
CASC,1
CASC,1
CASC,1
CASC,1
CASC,1
CASC,1
CASC,1
CASC,1
CASC,1
CASC,1
CASC,1
CASC,1
CASC,1
CASC,1
CASC,1
CASC,1
CASC,1
CASC,1
CASC,1
CASC,1
CASC,1
CASC,1
CASC,1
CASC,1
CASC,1
CASC,1
CASC,1
CASC,1
CASC,1
CASC,1
CASC,1
CASC,1
CASC,1
CASC,1
CASC,1
CASC,1
CASC,1
CASC,1
CASIC,1
CASIC,1
CASIC,1
CASIC,1
CASIC,0
CASIC,0
CECLES,0
CECLES,1
CECLES,0
CECLES,0
CNES,1
CNES,1
CNES,1
CNES,0
CNES,0
CNES,1
CNES,1
CNES,1
Douglas,1
EER,0
ESA,1
ESA,0
ESA,0
ESA,1
ESA,1
ESA,0
ESA,1
ESA,1
ESA,0
ESA,1
ESA,1
ESA,1
ESA,1
ESA,1
Eurockot,1
Eurockot,1
Eurockot,1
Eurockot,1
Eurockot,1
Eurockot,0
Eurockot,1
Eurockot,1
Eurockot,1
Eurockot,1
Eurockot,1
Eurockot,1
Eurockot,1
Exos,0
Exos,0
Exos,0
Exos,0
ExPace,1
ExPace,1
ExPace,1
ExPace,1
ExPace,1
ExPace,1
ExPace,1
ExPace,1
ExPace,0
ExPace,0
ExPace,0
ExPace,1
ExPace,1
ExPace,1
ExPace,1
Firefly,0
Galactic Energy,1
Galactic Energy,1
General Dynamics,0
General Dynamics,0
General Dynamics,0
General Dynamics,0
General Dynamics,1
General Dynamics,0
General Dynamics,1
General Dynamics,0
General Dynamics,1
General Dynamics,1
General Dynamics,1
General Dynamics,1
General Dynamics,1
General Dynamics,1
General Dynamics,1
General Dynamics,1
General Dynamics,1
General Dynamics,1
General Dynamics,0
General Dynamics,1
General Dynamics,1
General Dynamics,1
General Dynamics,1
General Dynamics,0
General Dynamics,1
General Dynamics,1
General Dynamics,1
General Dynamics,1
General Dynamics,1
General Dynamics,1
General Dynamics,1
General Dynamics,1
General Dynamics,1
General Dynamics,1
General Dynamics,1
General Dynamics,0
General Dynamics,1
General Dynamics,1
General Dynamics,1
General Dynamics,1
General Dynamics,1
General Dynamics,1
General Dynamics,0
General Dynamics,0
General Dynamics,1
General Dynamics,0
General Dynamics,1
General Dynamics,1
General Dynamics,1
General Dynamics,0
General Dynamics,1
General Dynamics,1
General Dynamics,1
General Dynamics,1
General Dynamics,1
General Dynamics,1
General Dynamics,1
General Dynamics,0
General Dynamics,1
General Dynamics,0
General Dynamics,0
General Dynamics,1
General Dynamics,1
General Dynamics,0
General Dynamics,0
General Dynamics,1
General Dynamics,0
General Dynamics,0
General Dynamics,0
General Dynamics,1
General Dynamics,1
General Dynamics,1
General Dynamics,1
General Dynamics,0
General Dynamics,1
General Dynamics,1
General Dynamics,1
General Dynamics,1
General Dynamics,0
General Dynamics,1
General Dynamics,1
General Dynamics,1
General Dynamics,0
General Dynamics,1
General Dynamics,0
General Dynamics,1
General Dynamics,1
General Dynamics,1
General Dynamics,1
General Dynamics,1
General Dynamics,1
General Dynamics,1
General Dynamics,0
General Dynamics,1
General Dynamics,1
General Dynamics,1
General Dynamics,1
General Dynamics,1
General Dynamics,1
General Dynamics,1
General Dynamics,1
General Dynamics,1
General Dynamics,0
General Dynamics,1
General Dynamics,1
General Dynamics,1
General Dynamics,1
General Dynamics,1
General Dynamics,1
General Dynamics,0
General Dynamics,1
General Dynamics,1
General Dynamics,1
General Dynamics,1
General Dynamics,1
General Dynamics,1
General Dynamics,1
General Dynamics,1
General Dynamics,1
General Dynamics,1
General Dynamics,1
General Dynamics,1
General Dynamics,1
General Dynamics,1
General Dynamics,1
General Dynamics,1
General Dynamics,1
General Dynamics,1
General Dynamics,1
General Dynamics,1
General Dynamics,0
General Dynamics,1
General Dynamics,1
General Dynamics,1
General Dynamics,0
General Dynamics,1
General Dynamics,1
General Dynamics,1
General Dynamics,0
General Dynamics,1
General Dynamics,1
General Dynamics,0
General Dynamics,1
General Dynamics,1
General Dynamics,0
General Dynamics,0
General Dynamics,1
General Dynamics,0
General Dynamics,1
General Dynamics,0
General Dynamics,1
General Dynamics,0
General Dynamics,1
General Dynamics,1
General Dynamics,1
General Dynamics,0
General Dynamics,1
General Dynamics,0
General Dynamics,1
General Dynamics,1
General Dynamics,1
General Dynamics,1
General Dynamics,1
General Dynamics,1
General Dynamics,0
General Dynamics,1
General Dynamics,1
General Dynamics,1
General Dynamics,1
General Dynamics,1
General Dynamics,0
General Dynamics,0
General Dynamics,1
General Dynamics,0
General Dynamics,1
General Dynamics,1
General Dynamics,1
General Dynamics,1
General Dynamics,1
General Dynamics,1
General Dynamics,0
General Dynamics,1
General Dynamics,1
General Dynamics,1
General Dynamics,1
General Dynamics,1
General Dynamics,1
General Dynamics,1
General Dynamics,0
General Dynamics,1
General Dynamics,0
General Dynamics,1
General Dynamics,1
General Dynamics,1
General Dynamics,1
General Dynamics,1
General Dynamics,1
General Dynamics,1
General Dynamics,1
General Dynamics,1
General Dynamics,1
General Dynamics,1
General Dynamics,1
General Dynamics,1
General Dynamics,1
General Dynamics,1
General Dynamics,1
General Dynamics,1
General Dynamics,1
General Dynamics,1
General Dynamics,1
General Dynamics,1
General Dynamics,0
General Dynamics,1
General Dynamics,1
General Dynamics,1
General Dynamics,0
General Dynamics,1
General Dynamics,1
General Dynamics,1
General Dynamics,1
General Dynamics,1
General Dynamics,1
General Dynamics,1
General Dynamics,1
General Dynamics,1
General Dynamics,1
General Dynamics,1
General Dynamics,1
General Dynamics,1
General Dynamics,1
General Dynamics,1
General Dynamics,1
General Dynamics,1
General Dynamics,1
General Dynamics,1
General Dynamics,1
General Dynamics,1
General Dynamics,1
General Dynamics,1
General Dynamics,1
General Dynamics,1
General Dynamics,1
General Dynamics,1
General Dynamics,1
General Dynamics,1
General Dynamics,1
General Dynamics,1
General Dynamics,1
General Dynamics,1
General Dynamics,1
GK LS,1
IAI,1
IAI,1
IAI,1
IAI,0
IAI,1
IAI,0
IAI,1
IAI,1
IAI,1
IAI,1
IAI,1
ILS,1
ILS,1
ILS,1
ILS,0
ILS,1
ILS,1
ILS,1
ILS,1
ILS,1
ILS,1
ILS,1
ILS,1
ILS,1
ILS,1
ILS,1
ILS,1
ILS,1
ILS,1
ILS,1
ILS,1
ILS,1
ILS,1
ILS,1
ILS,1
ILS,1
ILS,1
ILS,1
ILS,1
ILS,1
ILS,1
ILS,1
ILS,1
ILS,1
ILS,1
ILS,1
ILS,1
ILS,1
ILS,1
ILS,1
ILS,1
ILS,1
ILS,1
ILS,1
ILS,1
ILS,1
ILS,1
IRGC,1
IRGC,1
ISA,0
ISA,1
ISA,1
ISA,1
ISA,0
ISA,0
ISA,1
ISA,0
ISA,0
ISA,0
ISA,0
ISA,0
ISA,0
ISA,1
ISAS,0
ISAS,1
ISAS,1
ISAS,1
ISAS,1
ISAS,1
ISAS,1
ISAS,0
ISAS,1
ISAS,1
ISAS,1
ISAS,1
ISAS,1
ISAS,1
ISAS,1
ISAS,1
ISAS,1
ISAS,1
ISAS,1
ISAS,1
ISAS,1
ISAS,1
ISAS,0
ISAS,1
ISAS,1
ISAS,0
ISAS,1
ISAS,1
ISAS,1
ISAS,1
i-Space,1
i-Space,0
i-Space,0
i-Space,0
ISRO,0
ISRO,1
ISRO,1
ISRO,0
ISRO,1
ISRO,0
ISRO,1
ISRO,1
ISRO,1
ISRO,1
ISRO,1
ISRO,1
ISRO,1
ISRO,1
ISRO,1
ISRO,1
ISRO,1
ISRO,1
ISRO,1
ISRO,1
ISRO,1
ISRO,1
ISRO,1
ISRO,1
ISRO,1
ISRO,1
ISRO,1
ISRO,1
ISRO,1
ISRO,1
ISRO,1
ISRO,1
ISRO,1
ISRO,1
ISRO,0
ISRO,1
ISRO,1
ISRO,1
ISRO,1
ISRO,1
ISRO,1
ISRO,1
ISRO,1
ISRO,1
ISRO,1
ISRO,1
ISRO,0
ISRO,1
ISRO,0
ISRO,1
ISRO,1
ISRO,1
ISRO,0
ISRO,0
ISRO,1
ISRO,1
ISRO,1
ISRO,1
ISRO,1
ISRO,1
ISRO,1
ISRO,1
ISRO,1
ISRO,1
ISRO,1
ISRO,1
ISRO,1
ISRO,1
ISRO,1
ISRO,1
ISRO,1
ISRO,1
ISRO,0
ISRO,1
ISRO,0
ISRO,1
ISRO,0
ISRO,1
ISRO,0
ISRO,0
ISRO,0
ISRO,1
JAXA,1
JAXA,1
JAXA,1
JAXA,1
JAXA,1
JAXA,1
JAXA,0
JAXA,1
KARI,0
KARI,0
KARI,1
KARI,0
KARI,1
KCST,1
KCST,0
KCST,1
KCST,0
KCST,0
Khrunichev,1
Kosmotras,1
Kosmotras,1
Kosmotras,1
Kosmotras,1
Kosmotras,1
Kosmotras,0
Kosmotras,1
Kosmotras,1
Kosmotras,1
Kosmotras,1
Kosmotras,1
Kosmotras,1
Kosmotras,1
Kosmotras,1
Kosmotras,1
Kosmotras,1
Kosmotras,1
Kosmotras,1
Kosmotras,1
Kosmotras,1
Kosmotras,1
Kosmotras,1
Land Launch,0
Land Launch,1
Land Launch,1
Land Launch,1
Land Launch,1
Land Launch,1
Land Launch,1
Landspace,0
Lockheed,1
Lockheed,1
Lockheed,1
Lockheed,1
Lockheed,1
Lockheed,1
Lockheed,1
Lockheed,1
Lockheed,1
Lockheed,1
Lockheed,1
Lockheed,1
Lockheed,1
Lockheed,1
Lockheed,1
Lockheed,1
Lockheed,1
Lockheed,1
Lockheed,1
Lockheed,1
Lockheed,1
Lockheed,1
Lockheed,1
Lockheed,1
Lockheed,1
Lockheed,1
Lockheed,1
Lockheed,1
Lockheed,1
Lockheed,1
Lockheed,1
Lockheed,1
Lockheed,1
Lockheed,1
Lockheed,1
Lockheed,1
Lockheed,1
Lockheed,1
Lockheed,1
Lockheed,1
Lockheed,1
Lockheed,1
Lockheed,1
Lockheed,0
Lockheed,1
Lockheed,1
Lockheed,1
Lockheed,1
Lockheed,1
Lockheed,1
Lockheed,1
Lockheed,1
Lockheed,1
Lockheed,1
Lockheed,1
Lockheed,0
Lockheed,0
Lockheed,1
Lockheed,1
Lockheed,1
Lockheed,1
Lockheed,1
Lockheed,1
Lockheed,1
Lockheed,1
Lockheed,1
Lockheed,1
Lockheed,1
Lockheed,1
Lockheed,1
Lockheed,1
Lockheed,1
Lockheed,1
Lockheed,1
Lockheed,1
Lockheed,0
Lockheed,1
Lockheed,1
Lockheed,0
Martin Marietta,1
Martin Marietta,0
Martin Marietta,1
Martin Marietta,0
Martin Marietta,1
Martin Marietta,1
Martin Marietta,1
Martin Marietta,1
Martin Marietta,1
Martin Marietta,1
Martin Marietta,1
Martin Marietta,1
Martin Marietta,0
Martin Marietta,1
Martin Marietta,1
Martin Marietta,1
Martin Marietta,1
Martin Marietta,1
Martin Marietta,0
Martin Marietta,1
Martin Marietta,1
Martin Marietta,1
Martin Marietta,1
Martin Marietta,1
Martin Marietta,1
Martin Marietta,1
Martin Marietta,1
Martin Marietta,1
Martin Marietta,1
Martin Marietta,1
Martin Marietta,1
Martin Marietta,0
Martin Marietta,1
Martin Marietta,1
Martin Marietta,1
Martin Marietta,1
Martin Marietta,0
Martin Marietta,1
Martin Marietta,1
Martin Marietta,1
Martin Marietta,0
Martin Marietta,0
Martin Marietta,1
Martin Marietta,1
Martin Marietta,1
Martin Marietta,1
Martin Marietta,1
Martin Marietta,1
Martin Marietta,1
Martin Marietta,1
Martin Marietta,1
Martin Marietta,0
Martin Marietta,1
Martin Marietta,1
Martin Marietta,1
Martin Marietta,1
Martin Marietta,1
Martin Marietta,1
Martin Marietta,1
Martin Marietta,1
Martin Marietta,1
Martin Marietta,1
Martin Marietta,1
Martin Marietta,1
Martin Marietta,1
Martin Marietta,1
Martin Marietta,1
Martin Marietta,1
Martin Marietta,1
Martin Marietta,1
Martin Marietta,1
Martin Marietta,1
Martin Marietta,1
Martin Marietta,1
Martin Marietta,1
Martin Marietta,1
Martin Marietta,1
Martin Marietta,1
Martin Marietta,1
Martin Marietta,1
Martin Marietta,1
Martin Marietta,1
Martin Marietta,1
Martin Marietta,1
Martin Marietta,1
Martin Marietta,1
Martin Marietta,1
Martin Marietta,0
Martin Marietta,0
Martin Marietta,1
Martin Marietta,1
Martin Marietta,1
Martin Marietta,1
Martin Marietta,1
Martin Marietta,0
Martin Marietta,1
Martin Marietta,0
Martin Marietta,1
Martin Marietta,1
Martin Marietta,1
Martin Marietta,1
Martin Marietta,1
Martin Marietta,1
Martin Marietta,1
Martin Marietta,1
Martin Marietta,1
Martin Marietta,1
Martin Marietta,1
Martin Marietta,1
Martin Marietta,1
Martin Marietta,1
Martin Marietta,1
Martin Marietta,0
Martin Marietta,1
MHI,1
MHI,1
MHI,1
MHI,1
MHI,0
MHI,1
MHI,1
MHI,1
MHI,1
MHI,1
MHI,1
MHI,1
MHI,1
MHI,1
MHI,1
MHI,1
MHI,1
MHI,1
MHI,1
MHI,1
MHI,1
MHI,1
MHI,1
MHI,1
MHI,1
MHI,1
MHI,1
MHI,1
MHI,1
MHI,0
MHI,0
MHI,1
MHI,1
MHI,1
MHI,1
MHI,1
MHI,0
MHI,1
MHI,1
MHI,1
MHI,1
MHI,1
MHI,1
MHI,1
MHI,1
MHI,1
MHI,1
MHI,1
MHI,1
MHI,1
MHI,1
MHI,1
MHI,1
MHI,1
MHI,1
MHI,1
MHI,1
MHI,1
MHI,1
MHI,1
MHI,1
MHI,1
MHI,1
MHI,1
MHI,1
MHI,1
MHI,1
MHI,1
MHI,1
MHI,1
MHI,1
MHI,1
MHI,1
MHI,1
MHI,1
MHI,1
MHI,1
MHI,1
MHI,1
MHI,1
MHI,1
MHI,1
MHI,1
MHI,1
MHI,1
MHI,1
MHI,1
MITT,1
MITT,0
MITT,1
MITT,1
MITT,1
MITT,1
MITT,1
NASA,0
NASA,1
NASA,0
NASA,0
NASA,0
NASA,1
NASA,0
NASA,0
NASA,1
NASA,1
NASA,1
NASA,0
NASA,1
NASA,1
NASA,1
NASA,1
NASA,0
NASA,1
NASA,1
NASA,1
NASA,1
NASA,1
NASA,1
NASA,1
NASA,0
NASA,1
NASA,0
NASA,1
NASA,1
NASA,1
NASA,1
NASA,1
NASA,0
NASA,1
NASA,1
NASA,0
NASA,1
NASA,1
NASA,1
NASA,1
NASA,1
NASA,1
NASA,1
NASA,1
NASA,1
NASA,1
NASA,1
NASA,1
NASA,1
NASA,1
NASA,1
NASA,1
NASA,1
NASA,1
NASA,1
NASA,1
NASA,1
NASA,1
NASA,1
NASA,1
NASA,1
NASA,1
NASA,1
NASA,1
NASA,1
NASA,1
NASA,1
NASA,1
NASA,1
NASA,1
NASA,0
NASA,1
NASA,1
NASA,1
NASA,1
NASA,1
NASA,1
NASA,1
NASA,1
NASA,1
NASA,1
NASA,1
NASA,1
NASA,1
NASA,1
NASA,1
NASA,1
NASA,1
NASA,1
NASA,1
NASA,1
NASA,1
NASA,1
NASA,1
NASA,1
NASA,1
NASA,1
NASA,1
NASA,1
NASA,1
NASA,1
NASA,1
NASA,1
NASA,1
NASA,1
NASA,1
NASA,1
NASA,1
NASA,1
NASA,1
NASA,1
NASA,1
NASA,0
NASA,1
NASA,1
NASA,1
NASA,1
NASA,1
NASA,1
NASA,1
NASA,1
NASA,1
NASA,1
NASA,1
NASA,1
NASA,1
NASA,1
NASA,1
NASA,1
NASA,1
NASA,1
NASA,1
NASA,1
NASA,1
NASA,1
NASA,1
NASA,1
NASA,1
NASA,1
NASA,1
NASA,1
NASA,1
NASA,1
NASA,1
NASA,1
NASA,1
NASA,1
NASA,1
NASA,1
NASA,1
NASA,1
NASA,1
NASA,1
NASA,1
NASA,1
NASA,1
NASA,1
NASA,1
NASA,1
NASA,1
NASA,1
NASA,1
NASA,1
NASA,1
NASA,1
NASA,1
NASA,1
NASA,1
NASA,1
NASA,1
NASA,1
NASA,1
NASA,1
NASA,1
NASA,1
NASA,1
NASA,1
NASA,1
NASA,1
NASA,1
NASA,1
NASA,1
NASA,1
NASA,1
NASA,1
NASA,1
NASA,1
NASA,0
NASA,1
NASA,1
NASA,1
NASA,1
NASA,1
NASA,0
NASA,0
NASA,1
NASA,1
NASA,1
NASA,1
NASA,1
NASA,1
NASA,1
NASA,1
Northrop,1
Northrop,1
Northrop,1
Northrop,1
Northrop,0
Northrop,1
Northrop,1
Northrop,1
Northrop,1
Northrop,1
Northrop,1
Northrop,1
Northrop,1
Northrop,1
Northrop,1
Northrop,1
Northrop,1
Northrop,1
Northrop,1
Northrop,1
Northrop,1
Northrop,1
Northrop,1
Northrop,1
Northrop,1
Northrop,1
Northrop,1
Northrop,1
Northrop,0
Northrop,1
Northrop,1
Northrop,0
Northrop,1
Northrop,1
Northrop,1
Northrop,1
Northrop,1
Northrop,1
Northrop,0
Northrop,1
Northrop,0
Northrop,0
Northrop,1
Northrop,1
Northrop,1
Northrop,1
Northrop,1
Northrop,1
Northrop,1
Northrop,1
Northrop,1
Northrop,1
Northrop,1
Northrop,1
Northrop,1
Northrop,1
Northrop,1
Northrop,1
Northrop,1
Northrop,1
Northrop,1
Northrop,1
Northrop,0
Northrop,1
Northrop,0
Northrop,1
Northrop,1
Northrop,1
Northrop,1
Northrop,0
Northrop,1
Northrop,1
Northrop,1
Northrop,1
Northrop,1
Northrop,1
Northrop,1
Northrop,1
Northrop,1
Northrop,1
Northrop,1
Northrop,1
Northrop,1
Northrop,1
Northrop,1
Northrop,1
Northrop,1
Northrop,1
Northrop,1
OKB-586,1
OKB-586,1
OneSpace,0
RAE,0
RAE,1
Rocket Lab,0
Rocket Lab,1
Rocket Lab,1
Rocket Lab,1
Rocket Lab,1
Rocket Lab,1
Rocket Lab,1
Rocket Lab,1
Rocket Lab,1
Rocket Lab,1
Rocket Lab,1
Rocket Lab,1
Rocket Lab,0
Rocket Lab,1
Rocket Lab,1
Rocket Lab,1
Rocket Lab,1
Rocket Lab,1
Rocket Lab,1
Rocket Lab,1
Rocket Lab,1
Rocket Lab,0
Rocket Lab,1
Rocket Lab,1
Rocket Lab,1
Rocket Lab,1
Rocket Lab,1
Rocket Lab,1
Roscosmos,1
Roscosmos,1
Roscosmos,1
Roscosmos,1
Roscosmos,0
Roscosmos,1
Roscosmos,1
Roscosmos,1
Roscosmos,1
Roscosmos,1
Roscosmos,1
Roscosmos,1
Roscosmos,0
Roscosmos,1
Roscosmos,1
Roscosmos,1
Roscosmos,1
Roscosmos,1
Roscosmos,1
Roscosmos,1
Roscosmos,0
Roscosmos,1
Roscosmos,1
Roscosmos,1
Roscosmos,1
Roscosmos,1
Roscosmos,1
Roscosmos,0
Roscosmos,1
Roscosmos,1
Roscosmos,1
Roscosmos,1
Roscosmos,1
Roscosmos,1
Roscosmos,0
Roscosmos,1
Roscosmos,1
Roscosmos,1
Roscosmos,1
Roscosmos,1
Roscosmos,1
Roscosmos,1
Roscosmos,1
Roscosmos,1
Roscosmos,1
Roscosmos,1
Roscosmos,1
Roscosmos,1
Roscosmos,1
Roscosmos,1
Roscosmos,1
Roscosmos,1
Roscosmos,1
Roscosmos,1
Roscosmos,1
Roscosmos,1
Roscosmos,1
Roscosmos,1
Roscosmos,1
Roscosmos,1
Roscosmos,1
Roscosmos,1
Roscosmos,1
Roscosmos,1
Roscosmos,1
Roscosmos,1
Roscosmos,1
Roscosmos,1
Roscosmos,1
RVSN USSR,0
RVSN USSR,0
RVSN USSR,1
RVSN USSR,1
RVSN USSR,1
RVSN USSR,0
RVSN USSR,1
RVSN USSR,1
RVSN USSR,1
RVSN USSR,1
RVSN USSR,0
RVSN USSR,1
RVSN USSR,0
RVSN USSR,0
RVSN USSR,0
RVSN USSR,1
RVSN USSR,1
RVSN USSR,1
RVSN USSR,0
RVSN USSR,1
RVSN USSR,1
RVSN USSR,1
RVSN USSR,1
RVSN USSR,1
RVSN USSR,1
RVSN USSR,1
RVSN USSR,1
RVSN USSR,1
RVSN USSR,0
RVSN USSR,0
RVSN USSR,0
RVSN USSR,0
RVSN USSR,1
RVSN USSR,1
RVSN USSR,0
RVSN USSR,0
RVSN USSR,0
RVSN USSR,1
RVSN USSR,1
RVSN USSR,0
RVSN USSR,1
RVSN USSR,0
RVSN USSR,0
RVSN USSR,0
RVSN USSR,0
RVSN USSR,1
RVSN USSR,0
RVSN USSR,1
RVSN USSR,1
RVSN USSR,1
RVSN USSR,1
RVSN USSR,0
RVSN USSR,0
RVSN USSR,0
RVSN USSR,0
RVSN USSR,1
RVSN USSR,1
RVSN USSR,1
RVSN USSR,1
RVSN USSR,1
RVSN USSR,0
RVSN USSR,1
RVSN USSR,1
RVSN USSR,0
RVSN USSR,1
RVSN USSR,0
RVSN USSR,1
RVSN USSR,1
RVSN USSR,1
RVSN USSR,1
RVSN USSR,0
RVSN USSR,1
RVSN USSR,1
RVSN USSR,0
RVSN USSR,1
RVSN USSR,0
RVSN USSR,1
RVSN USSR,1
RVSN USSR,0
RVSN USSR,1
RVSN USSR,1
RVSN USSR,1
RVSN USSR,1
RVSN USSR,1
RVSN USSR,0
RVSN USSR,0
RVSN USSR,0
RVSN USSR,1
RVSN USSR,1
RVSN USSR,1
RVSN USSR,0
RVSN USSR,0
RVSN USSR,1
RVSN USSR,1
RVSN USSR,1
RVSN USSR,1
RVSN USSR,1
RVSN USSR,1
RVSN USSR,1
RVSN USSR,1
RVSN USSR,1
RVSN USSR,1
RVSN USSR,1
RVSN USSR,1
RVSN USSR,1
RVSN USSR,0
RVSN USSR,1
RVSN USSR,1
RVSN USSR,1
RVSN USSR,1
RVSN USSR,1
RVSN USSR,1
RVSN USSR,1
RVSN USSR,0
RVSN USSR,1
RVSN USSR,1
RVSN USSR,1
RVSN USSR,1
RVSN USSR,1
RVSN USSR,1
RVSN USSR,1
RVSN USSR,0
RVSN USSR,1
RVSN USSR,1
RVSN USSR,1
RVSN USSR,1
RVSN USSR,0
RVSN USSR,1
RVSN USSR,1
RVSN USSR,1
RVSN USSR,1
RVSN USSR,1
RVSN USSR,1
RVSN USSR,1
RVSN USSR,1
RVSN USSR,1
RVSN USSR,1
RVSN USSR,0
RVSN USSR,1
RVSN USSR,1
RVSN USSR,1
RVSN USSR,1
RVSN USSR,1
RVSN USSR,1
RVSN USSR,1
RVSN USSR,1
RVSN USSR,1
RVSN USSR,1
RVSN USSR,1
RVSN USSR,1
RVSN USSR,1
RVSN USSR,1
RVSN USSR,1
RVSN USSR,1
RVSN USSR,1
RVSN USSR,1
RVSN USSR,1
RVSN USSR,1
RVSN USSR,1
RVSN USSR,1
RVSN USSR,1
RVSN USSR,1
RVSN USSR,1
RVSN USSR,1
RVSN USSR,1
RVSN USSR,1
RVSN USSR,1
RVSN USSR,1
RVSN USSR,1
RVSN USSR,1
RVSN USSR,1
RVSN USSR,1
RVSN USSR,1
RVSN USSR,1
RVSN USSR,1
RVSN USSR,0
RVSN USSR,1
RVSN USSR,1
RVSN USSR,1
RVSN USSR,1
RVSN USSR,1
RVSN USSR,1
RVSN USSR,1
RVSN USSR,1
RVSN USSR,1
RVSN USSR,1
RVSN USSR,1
RVSN USSR,1
RVSN USSR,1
RVSN USSR,1
RVSN USSR,1
RVSN USSR,1
RVSN USSR,1
RVSN USSR,0
RVSN USSR,1
RVSN USSR,1
RVSN USSR,1
RVSN USSR,1
RVSN USSR,1
RVSN USSR,1
RVSN USSR,0
RVSN USSR,1
RVSN USSR,1
RVSN USSR,1
RVSN USSR,1
RVSN USSR,1
RVSN USSR,1
RVSN USSR,1
RVSN USSR,1
RVSN USSR,1
RVSN USSR,0
RVSN USSR,1
RVSN USSR,1
RVSN USSR,1
RVSN USSR,1
RVSN USSR,1
RVSN USSR,1
RVSN USSR,0
RVSN USSR,0
RVSN USSR,1
RVSN USSR,0
RVSN USSR,0
RVSN USSR,1
RVSN USSR,1
RVSN USSR,1
RVSN USSR,0
RVSN USSR,1
RVSN USSR,1
RVSN USSR,0
RVSN USSR,1
RVSN USSR,1
RVSN USSR,1
RVSN USSR,1
RVSN USSR,1
RVSN USSR,1
RVSN USSR,1
RVSN USSR,1
RVSN USSR,1
RVSN USSR,1
RVSN USSR,1
RVSN USSR,1
RVSN USSR,1
RVSN USSR,1
RVSN USSR,0
RVSN USSR,1
RVSN USSR,1
RVSN USSR,1
RVSN USSR,1
RVSN USSR,0
RVSN USSR,1
RVSN USSR,1
RVSN USSR,1
RVSN USSR,1
RVSN USSR,1
RVSN USSR,1
RVSN USSR,1
RVSN USSR,1
RVSN USSR,1
RVSN USSR,1
RVSN USSR,1
RVSN USSR,1
RVSN USSR,1
RVSN USSR,1
RVSN USSR,1
RVSN USSR,0
RVSN USSR,1
RVSN USSR,1
RVSN USSR,1
RVSN USSR,1
RVSN USSR,1
RVSN USSR,1
RVSN USSR,1
RVSN USSR,1
RVSN USSR,1
RVSN USSR,1
RVSN USSR,1
RVSN USSR,1
RVSN USSR,1
RVSN USSR,1
RVSN USSR,1
RVSN USSR,1
RVSN USSR,1
RVSN USSR,1
RVSN USSR,1
RVSN USSR,1
RVSN USSR,1
RVSN USSR,1
RVSN USSR,1
RVSN USSR,1
RVSN USSR,1
RVSN USSR,1
RVSN USSR,1
RVSN USSR,1
RVSN USSR,0
RVSN USSR,1
RVSN USSR,1
RVSN USSR,1
RVSN USSR,1
RVSN USSR,1
RVSN USSR,1
RVSN USSR,1
RVSN USSR,1
RVSN USSR,1
RVSN USSR,1
RVSN USSR,1
RVSN USSR,1
RVSN USSR,1
RVSN USSR,1
RVSN USSR,1
RVSN USSR,1
RVSN USSR,1
RVSN USSR,1
RVSN USSR,1
RVSN USSR,1
RVSN USSR,0
RVSN USSR,1
RVSN USSR,1
RVSN USSR,1
RVSN USSR,1
RVSN USSR,1
RVSN USSR,1
RVSN USSR,1
RVSN USSR,1
RVSN USSR,1
RVSN USSR,1
RVSN USSR,1
RVSN USSR,1
RVSN USSR,1
RVSN USSR,1
RVSN USSR,1
RVSN USSR,0
RVSN USSR,1
RVSN USSR,1
RVSN USSR,1
RVSN USSR,1
RVSN USSR,0
RVSN USSR,1
RVSN USSR,1
RVSN USSR,1
RVSN USSR,1
RVSN USSR,1
RVSN USSR,1
RVSN USSR,1
RVSN USSR,1
RVSN USSR,1
RVSN USSR,1
RVSN USSR,0
RVSN USSR,1
RVSN USSR,1
RVSN USSR,1
RVSN USSR,1
RVSN USSR,1
RVSN USSR,1
RVSN USSR,1
RVSN USSR,1
RVSN USSR,1
RVSN USSR,1
RVSN USSR,1
RVSN USSR,1
RVSN USSR,1
RVSN USSR,1
RVSN USSR,1
RVSN USSR,1
RVSN USSR,1
RVSN USSR,1
RVSN USSR,1
RVSN USSR,1
RVSN USSR,1
RVSN USSR,1
RVSN USSR,1
RVSN USSR,1
RVSN USSR,1
RVSN USSR,1
RVSN USSR,1
RVSN USSR,1
RVSN USSR,1
RVSN USSR,1
RVSN USSR,1
RVSN USSR,1
RVSN USSR,1
RVSN USSR,1
RVSN USSR,1
RVSN USSR,1
RVSN USSR,1
RVSN USSR,1
RVSN USSR,1
RVSN USSR,1
RVSN USSR,1
RVSN USSR,0
RVSN USSR,1
RVSN USSR,1
RVSN USSR,1
RVSN USSR,1
RVSN USSR,0
RVSN USSR,0
RVSN USSR,1
RVSN USSR,1
RVSN USSR,1
RVSN USSR,1
RVSN USSR,1
RVSN USSR,1
RVSN USSR,0
RVSN USSR,1
RVSN USSR,1
RVSN USSR,1
RVSN USSR,1
RVSN USSR,1
RVSN USSR,1
RVSN USSR,1
RVSN USSR,1
RVSN USSR,1
RVSN USSR,1
RVSN USSR,0
RVSN USSR,1
RVSN USSR,1
RVSN USSR,0
RVSN USSR,1
RVSN USSR,1
RVSN USSR,1
RVSN USSR,1
RVSN USSR,1
RVSN USSR,1
RVSN USSR,0
RVSN USSR,1
RVSN USSR,1
RVSN USSR,1
RVSN USSR,1
RVSN USSR,1
RVSN USSR,1
RVSN USSR,1
RVSN USSR,1
RVSN USSR,1
RVSN USSR,1
RVSN USSR,1
RVSN USSR,1
RVSN USSR,1
RVSN USSR,0
RVSN USSR,1
RVSN USSR,1
RVSN USSR,1
RVSN USSR,1
RVSN USSR,1
RVSN USSR,1
RVSN USSR,1
RVSN USSR,1
RVSN USSR,1
RVSN USSR,1
RVSN USSR,1
RVSN USSR,1
RVSN USSR,1
RVSN USSR,1
RVSN USSR,1
RVSN USSR,1
RVSN USSR,1
RVSN USSR,1
RVSN USSR,1
RVSN USSR,1
RVSN USSR,1
RVSN USSR,1
RVSN USSR,1
RVSN USSR,1
RVSN USSR,1
RVSN USSR,1
RVSN USSR,1
RVSN USSR,1
RVSN USSR,1
RVSN USSR,1
RVSN USSR,1
RVSN USSR,1
RVSN USSR,1
RVSN USSR,1
RVSN USSR,1
RVSN USSR,1
RVSN USSR,1
RVSN USSR,1
RVSN USSR,1
RVSN USSR,1
RVSN USSR,1
RVSN USSR,1
RVSN USSR,1
RVSN USSR,1
RVSN USSR,1
RVSN USSR,1
RVSN USSR,1
RVSN USSR,1
RVSN USSR,1
RVSN USSR,1
RVSN USSR,1
RVSN USSR,1
RVSN USSR,1
RVSN USSR,1
RVSN USSR,1
RVSN USSR,1
RVSN USSR,1
RVSN USSR,1
RVSN USSR,1
RVSN USSR,1
RVSN USSR,1
RVSN USSR,1
RVSN USSR,1
RVSN USSR,1
RVSN USSR,1
RVSN USSR,1
RVSN USSR,1
RVSN USSR,1
RVSN USSR,1
RVSN USSR,1
RVSN USSR,1
RVSN USSR,1
RVSN USSR,1
RVSN USSR,1
RVSN USSR,1
RVSN USSR,1
RVSN USSR,1
RVSN USSR,1
RVSN USSR,1
RVSN USSR,1
RVSN USSR,1
RVSN USSR,1
RVSN USSR,0
RVSN USSR,1
RVSN USSR,1
RVSN USSR,1
RVSN USSR,1
RVSN USSR,1
RVSN USSR,1
RVSN USSR,1
RVSN USSR,1
RVSN USSR,0
RVSN USSR,1
RVSN USSR,1
RVSN USSR,1
RVSN USSR,1
RVSN USSR,1
RVSN USSR,1
RVSN USSR,1
RVSN USSR,1
RVSN USSR,1
RVSN USSR,1
RVSN USSR,1
RVSN USSR,1
RVSN USSR,1
RVSN USSR,1
RVSN USSR,1
RVSN USSR,1
RVSN USSR,1
RVSN USSR,1
RVSN USSR,1
RVSN USSR,1
RVSN USSR,1
RVSN USSR,1
RVSN USSR,1
RVSN USSR,1
RVSN USSR,0
RVSN USSR,1
RVSN USSR,1
RVSN USSR,1
RVSN USSR,1
RVSN USSR,1
RVSN USSR,1
RVSN USSR,1
RVSN USSR,1
RVSN USSR,1
RVSN USSR,1
RVSN USSR,1
RVSN USSR,1
RVSN USSR,1
RVSN USSR,1
RVSN USSR,1
RVSN USSR,1
RVSN USSR,1
RVSN USSR,1
RVSN USSR,1
RVSN USSR,1
RVSN USSR,1
RVSN USSR,1
RVSN USSR,1
RVSN USSR,1
RVSN USSR,1
RVSN USSR,1
RVSN USSR,1
RVSN USSR,0
RVSN USSR,1
RVSN USSR,1
RVSN USSR,1
RVSN USSR,1
RVSN USSR,1
RVSN USSR,1
RVSN USSR,1
RVSN USSR,1
RVSN USSR,1
RVSN USSR,1
RVSN USSR,1
RVSN USSR,1
RVSN USSR,1
RVSN USSR,1
RVSN USSR,1
RVSN USSR,1
RVSN USSR,0
RVSN USSR,1
RVSN USSR,1
RVSN USSR,1
RVSN USSR,1
RVSN USSR,1
RVSN USSR,0
RVSN USSR,1
RVSN USSR,1
RVSN USSR,1
RVSN USSR,1
RVSN USSR,1
RVSN USSR,1
RVSN USSR,1
RVSN USSR,1
RVSN USSR,0
RVSN USSR,1
RVSN USSR,1
RVSN USSR,1
RVSN USSR,1
RVSN USSR,1
RVSN USSR,1
RVSN USSR,1
RVSN USSR,1
RVSN USSR,1
RVSN USSR,1
RVSN USSR,1
RVSN USSR,1
RVSN USSR,0
RVSN USSR,1
RVSN USSR,1
RVSN USSR,1
RVSN USSR,1
RVSN USSR,1
RVSN USSR,1
RVSN USSR,1
RVSN USSR,1
RVSN USSR,1
RVSN USSR,1
RVSN USSR,1
RVSN USSR,1
RVSN USSR,0
RVSN USSR,1
RVSN USSR,1
RVSN USSR,1
RVSN USSR,1
RVSN USSR,1
RVSN USSR,1
RVSN USSR,1
RVSN USSR,1
RVSN USSR,1
RVSN USSR,1
RVSN USSR,1
RVSN USSR,1
RVSN USSR,1
RVSN USSR,1
RVSN USSR,1
RVSN USSR,1
RVSN USSR,1
RVSN USSR,1
RVSN USSR,0
RVSN USSR,1
RVSN USSR,0
RVSN USSR,1
RVSN USSR,1
RVSN USSR,1
RVSN USSR,1
RVSN USSR,1
RVSN USSR,1
RVSN USSR,1
RVSN USSR,1
RVSN USSR,1
RVSN USSR,1
RVSN USSR,1
RVSN USSR,1
RVSN USSR,1
RVSN USSR,1
RVSN USSR,1
RVSN USSR,1
RVSN USSR,1
RVSN USSR,1
RVSN USSR,1
RVSN USSR,1
RVSN USSR,1
RVSN USSR,1
RVSN USSR,1
RVSN USSR,1
RVSN USSR,1
RVSN USSR,1
RVSN USSR,1
RVSN USSR,1
RVSN USSR,1
RVSN USSR,1
RVSN USSR,1
RVSN USSR,1
RVSN USSR,1
RVSN USSR,1
RVSN USSR,1
RVSN USSR,1
RVSN USSR,1
RVSN USSR,1
RVSN USSR,1
RVSN USSR,1
RVSN USSR,1
RVSN USSR,1
RVSN USSR,1
RVSN USSR,1
RVSN USSR,1
RVSN USSR,1
RVSN USSR,1
RVSN USSR,1
RVSN USSR,1
RVSN USSR,1
RVSN USSR,1
RVSN USSR,1
RVSN USSR,1
RVSN USSR,1
RVSN USSR,1
RVSN USSR,1
RVSN USSR,1
RVSN USSR,1
RVSN USSR,1
RVSN USSR,1
RVSN USSR,1
RVSN USSR,0
RVSN USSR,1
RVSN USSR,1
RVSN USSR,1
RVSN USSR,1
RVSN USSR,1
RVSN USSR,1
RVSN USSR,0
RVSN USSR,0
RVSN USSR,1
RVSN USSR,1
RVSN USSR,1
RVSN USSR,1
RVSN USSR,1
RVSN USSR,1
RVSN USSR,1
RVSN USSR,1
RVSN USSR,1
RVSN USSR,1
RVSN USSR,1
RVSN USSR,1
RVSN USSR,1
RVSN USSR,1
RVSN USSR,1
RVSN USSR,1
RVSN USSR,1
RVSN USSR,1
RVSN USSR,1
RVSN USSR,1
RVSN USSR,1
RVSN USSR,0
RVSN USSR,1
RVSN USSR,1
RVSN USSR,1
RVSN USSR,1
RVSN USSR,1
RVSN USSR,1
RVSN USSR,1
RVSN USSR,1
RVSN USSR,1
RVSN USSR,1
RVSN USSR,1
RVSN USSR,1
RVSN USSR,1
RVSN USSR,1
RVSN USSR,1
RVSN USSR,1
RVSN USSR,1
RVSN USSR,1
RVSN USSR,1
RVSN USSR,0
RVSN USSR,1
RVSN USSR,1
RVSN USSR,0
RVSN USSR,1
RVSN USSR,1
RVSN USSR,1
RVSN USSR,0
RVSN USSR,1
RVSN USSR,1
RVSN USSR,1
RVSN USSR,1
RVSN USSR,1
RVSN USSR,1
RVSN USSR,0
RVSN USSR,1
RVSN USSR,1
RVSN USSR,1
RVSN USSR,1
RVSN USSR,1
RVSN USSR,1
RVSN USSR,1
RVSN USSR,1
RVSN USSR,1
RVSN USSR,1
RVSN USSR,0
RVSN USSR,0
RVSN USSR,1
RVSN USSR,1
RVSN USSR,1
RVSN USSR,1
RVSN USSR,1
RVSN USSR,0
RVSN USSR,1
RVSN USSR,1
RVSN USSR,1
RVSN USSR,1
RVSN USSR,1
RVSN USSR,1
RVSN USSR,1
RVSN USSR,1
RVSN USSR,1
RVSN USSR,1
RVSN USSR,1
RVSN USSR,1
RVSN USSR,1
RVSN USSR,1
RVSN USSR,1
RVSN USSR,1
RVSN USSR,1
RVSN USSR,1
RVSN USSR,1
RVSN USSR,1
RVSN USSR,1
RVSN USSR,1
RVSN USSR,1
RVSN USSR,1
RVSN USSR,1
RVSN USSR,1
RVSN USSR,1
RVSN USSR,0
RVSN USSR,1
RVSN USSR,1
RVSN USSR,1
RVSN USSR,1
RVSN USSR,1
RVSN USSR,1
RVSN USSR,1
RVSN USSR,1
RVSN USSR,1
RVSN USSR,1
RVSN USSR,1
RVSN USSR,1
RVSN USSR,1
RVSN USSR,1
RVSN USSR,1
RVSN USSR,1
RVSN USSR,0
RVSN USSR,1
RVSN USSR,1
RVSN USSR,1
RVSN USSR,1
RVSN USSR,1
RVSN USSR,1
RVSN USSR,1
RVSN USSR,1
RVSN USSR,1
RVSN USSR,1
RVSN USSR,1
RVSN USSR,1
RVSN USSR,1
RVSN USSR,1
RVSN USSR,1
RVSN USSR,0
RVSN USSR,1
RVSN USSR,1
RVSN USSR,1
RVSN USSR,1
RVSN USSR,1
RVSN USSR,1
RVSN USSR,1
RVSN USSR,1
RVSN USSR,1
RVSN USSR,1
RVSN USSR,1
RVSN USSR,1
RVSN USSR,1
RVSN USSR,1
RVSN USSR,1
RVSN USSR,1
RVSN USSR,1
RVSN USSR,1
RVSN USSR,1
RVSN USSR,1
RVSN USSR,0
RVSN USSR,1
RVSN USSR,1
RVSN USSR,1
RVSN USSR,1
RVSN USSR,1
RVSN USSR,1
RVSN USSR,1
RVSN USSR,1
RVSN USSR,1
RVSN USSR,1
RVSN USSR,1
RVSN USSR,1
RVSN USSR,1
RVSN USSR,1
RVSN USSR,1
RVSN USSR,1
RVSN USSR,1
RVSN USSR,1
RVSN USSR,1
RVSN USSR,1
RVSN USSR,1
RVSN USSR,1
RVSN USSR,1
RVSN USSR,1
RVSN USSR,1
RVSN USSR,1
RVSN USSR,1
RVSN USSR,1
RVSN USSR,1
RVSN USSR,1
RVSN USSR,1
RVSN USSR,1
RVSN USSR,1
RVSN USSR,1
RVSN USSR,1
RVSN USSR,1
RVSN USSR,1
RVSN USSR,1
RVSN USSR,1
RVSN USSR,0
RVSN USSR,1
RVSN USSR,1
RVSN USSR,1
RVSN USSR,1
RVSN USSR,1
RVSN USSR,0
RVSN USSR,1
RVSN USSR,1
RVSN USSR,1
RVSN USSR,1
RVSN USSR,1
RVSN USSR,1
RVSN USSR,1
RVSN USSR,1
RVSN USSR,1
RVSN USSR,1
RVSN USSR,1
RVSN USSR,1
RVSN USSR,1
RVSN USSR,1
RVSN USSR,1
RVSN USSR,1
RVSN USSR,1
RVSN USSR,1
RVSN USSR,1
RVSN USSR,1
RVSN USSR,1
RVSN USSR,1
RVSN USSR,1
RVSN USSR,0
RVSN USSR,1
RVSN USSR,1
RVSN USSR,1
RVSN USSR,1
RVSN USSR,1
RVSN USSR,1
RVSN USSR,0
RVSN USSR,1
RVSN USSR,1
RVSN USSR,1
RVSN USSR,1
RVSN USSR,1
RVSN USSR,1
RVSN USSR,1
RVSN USSR,1
RVSN USSR,1
RVSN USSR,1
RVSN USSR,1
RVSN USSR,1
RVSN USSR,1
RVSN USSR,1
RVSN USSR,1
RVSN USSR,1
RVSN USSR,1
RVSN USSR,1
RVSN USSR,1
RVSN USSR,1
RVSN USSR,1
RVSN USSR,1
RVSN USSR,1
RVSN USSR,1
RVSN USSR,1
RVSN USSR,1
RVSN USSR,1
RVSN USSR,1
RVSN USSR,1
RVSN USSR,1
RVSN USSR,1
RVSN USSR,1
RVSN USSR,1
RVSN USSR,1
RVSN USSR,1
RVSN USSR,1
RVSN USSR,1
RVSN USSR,1
RVSN USSR,1
RVSN USSR,1
RVSN USSR,1
RVSN USSR,1
RVSN USSR,1
RVSN USSR,1
RVSN USSR,1
RVSN USSR,1
RVSN USSR,1
RVSN USSR,1
RVSN USSR,1
RVSN USSR,1
RVSN USSR,1
RVSN USSR,1
RVSN USSR,1
RVSN USSR,1
RVSN USSR,1
RVSN USSR,0
RVSN USSR,1
RVSN USSR,1
RVSN USSR,1
RVSN USSR,1
RVSN USSR,1
RVSN USSR,1
RVSN USSR,1
RVSN USSR,1
RVSN USSR,1
RVSN USSR,1
RVSN USSR,1
RVSN USSR,1
RVSN USSR,1
RVSN USSR,1
RVSN USSR,1
RVSN USSR,1
RVSN USSR,1
RVSN USSR,1
RVSN USSR,1
RVSN USSR,0
RVSN USSR,1
RVSN USSR,1
RVSN USSR,1
RVSN USSR,1
RVSN USSR,1
RVSN USSR,1
RVSN USSR,1
RVSN USSR,1
RVSN USSR,1
RVSN USSR,1
RVSN USSR,1
RVSN USSR,1
RVSN USSR,0
RVSN USSR,1
RVSN USSR,1
RVSN USSR,1
RVSN USSR,1
RVSN USSR,1
RVSN USSR,1
RVSN USSR,0
RVSN USSR,1
RVSN USSR,0
RVSN USSR,1
RVSN USSR,1
RVSN USSR,1
RVSN USSR,1
RVSN USSR,1
RVSN USSR,1
RVSN USSR,1
RVSN USSR,1
RVSN USSR,1
RVSN USSR,1
RVSN USSR,1
RVSN USSR,1
RVSN USSR,1
RVSN USSR,1
RVSN USSR,1
RVSN USSR,1
RVSN USSR,1
RVSN USSR,1
RVSN USSR,1
RVSN USSR,1
RVSN USSR,1
RVSN USSR,0
RVSN USSR,1
RVSN USSR,1
RVSN USSR,1
RVSN USSR,1
RVSN USSR,1
RVSN USSR,1
RVSN USSR,1
RVSN USSR,1
RVSN USSR,1
RVSN USSR,1
RVSN USSR,1
RVSN USSR,1
RVSN USSR,1
RVSN USSR,0
RVSN USSR,1
RVSN USSR,1
RVSN USSR,1
RVSN USSR,1
RVSN USSR,1
RVSN USSR,1
RVSN USSR,0
RVSN USSR,1
RVSN USSR,1
RVSN USSR,1
RVSN USSR,1
RVSN USSR,1
RVSN USSR,0
RVSN USSR,1
RVSN USSR,1
RVSN USSR,1
RVSN USSR,1
RVSN USSR,1
RVSN USSR,1
RVSN USSR,1
RVSN USSR,1
RVSN USSR,0
RVSN USSR,1
RVSN USSR,1
RVSN USSR,1
RVSN USSR,1
RVSN USSR,1
RVSN USSR,1
RVSN USSR,1
RVSN USSR,1
RVSN USSR,1
RVSN USSR,1
RVSN USSR,0
RVSN USSR,1
RVSN USSR,1
RVSN USSR,1
RVSN USSR,1
RVSN USSR,1
RVSN USSR,1
RVSN USSR,1
RVSN USSR,1
RVSN USSR,1
RVSN USSR,1
RVSN USSR,1
RVSN USSR,1
RVSN USSR,1
RVSN USSR,1
RVSN USSR,1
RVSN USSR,1
RVSN USSR,1
RVSN USSR,1
RVSN USSR,1
RVSN USSR,1
RVSN USSR,1
RVSN USSR,1
RVSN USSR,1
RVSN USSR,1
RVSN USSR,1
RVSN USSR,1
RVSN USSR,1
RVSN USSR,1
RVSN USSR,1
RVSN USSR,1
RVSN USSR,1
RVSN USSR,1
RVSN USSR,0
RVSN USSR,1
RVSN USSR,1
RVSN USSR,1
RVSN USSR,1
RVSN USSR,1
RVSN USSR,1
RVSN USSR,1
RVSN USSR,1
RVSN USSR,1
RVSN USSR,1
RVSN USSR,1
RVSN USSR,1
RVSN USSR,1
RVSN USSR,1
RVSN USSR,1
RVSN USSR,1
RVSN USSR,1
RVSN USSR,1
RVSN USSR,1
RVSN USSR,1
RVSN USSR,1
RVSN USSR,1
RVSN USSR,1
RVSN USSR,1
RVSN USSR,1
RVSN USSR,1
RVSN USSR,1
RVSN USSR,1
RVSN USSR,1
RVSN USSR,1
RVSN USSR,1
RVSN USSR,1
RVSN USSR,1
RVSN USSR,1
RVSN USSR,1
RVSN USSR,1
RVSN USSR,1
RVSN USSR,1
RVSN USSR,1
RVSN USSR,1
RVSN USSR,1
RVSN USSR,1
RVSN USSR,1
RVSN USSR,1
RVSN USSR,1
RVSN USSR,1
RVSN USSR,0
RVSN USSR,1
RVSN USSR,1
RVSN USSR,1
RVSN USSR,1
RVSN USSR,1
RVSN USSR,1
RVSN USSR,1
RVSN USSR,1
RVSN USSR,1
RVSN USSR,1
RVSN USSR,1
RVSN USSR,1
RVSN USSR,1
RVSN USSR,1
RVSN USSR,1
RVSN USSR,1
RVSN USSR,1
RVSN USSR,1
RVSN USSR,1
RVSN USSR,1
RVSN USSR,1
RVSN USSR,1
RVSN USSR,1
RVSN USSR,1
RVSN USSR,1
RVSN USSR,1
RVSN USSR,0
RVSN USSR,1
RVSN USSR,1
RVSN USSR,1
RVSN USSR,1
RVSN USSR,1
RVSN USSR,1
RVSN USSR,1
RVSN USSR,1
RVSN USSR,1
RVSN USSR,1
RVSN USSR,0
RVSN USSR,1
RVSN USSR,1
RVSN USSR,1
RVSN USSR,1
RVSN USSR,1
RVSN USSR,1
RVSN USSR,1
RVSN USSR,0
RVSN USSR,1
RVSN USSR,0
RVSN USSR,1
RVSN USSR,1
RVSN USSR,1
RVSN USSR,1
RVSN USSR,1
RVSN USSR,1
RVSN USSR,0
RVSN USSR,1
RVSN USSR,1
RVSN USSR,1
RVSN USSR,1
RVSN USSR,1
RVSN USSR,1
RVSN USSR,1
RVSN USSR,1
RVSN USSR,1
RVSN USSR,0
RVSN USSR,1
RVSN USSR,1
RVSN USSR,1
RVSN USSR,0
RVSN USSR,0
RVSN USSR,1
RVSN USSR,1
RVSN USSR,1
RVSN USSR,1
RVSN USSR,1
RVSN USSR,1
RVSN USSR,1
RVSN USSR,1
RVSN USSR,1
RVSN USSR,1
RVSN USSR,1
RVSN USSR,1
RVSN USSR,1
RVSN USSR,1
RVSN USSR,1
RVSN USSR,1
RVSN USSR,1
RVSN USSR,1
RVSN USSR,1
RVSN USSR,0
RVSN USSR,1
RVSN USSR,1
RVSN USSR,1
RVSN USSR,1
RVSN USSR,1
RVSN USSR,1
RVSN USSR,1
RVSN USSR,1
RVSN USSR,1
RVSN USSR,1
RVSN USSR,1
RVSN USSR,1
RVSN USSR,1
RVSN USSR,1
RVSN USSR,1
RVSN USSR,1
RVSN USSR,1
RVSN USSR,1
RVSN USSR,1
RVSN USSR,1
RVSN USSR,1
RVSN USSR,1
RVSN USSR,1
RVSN USSR,1
RVSN USSR,1
RVSN USSR,1
RVSN USSR,1
RVSN USSR,1
RVSN USSR,1
RVSN USSR,1
RVSN USSR,1
RVSN USSR,1
RVSN USSR,1
RVSN USSR,1
RVSN USSR,1
RVSN USSR,1
RVSN USSR,1
RVSN USSR,1
RVSN USSR,1
RVSN USSR,1
RVSN USSR,1
RVSN USSR,1
RVSN USSR,1
RVSN USSR,1
RVSN USSR,1
RVSN USSR,1
RVSN USSR,1
RVSN USSR,1
RVSN USSR,1
RVSN USSR,1
RVSN USSR,1
RVSN USSR,1
RVSN USSR,1
RVSN USSR,1
RVSN USSR,1
RVSN USSR,1
RVSN USSR,1
RVSN USSR,0
RVSN USSR,1
RVSN USSR,1
RVSN USSR,1
RVSN USSR,1
RVSN USSR,1
RVSN USSR,1
RVSN USSR,1
RVSN USSR,1
RVSN USSR,1
RVSN USSR,1
RVSN USSR,1
RVSN USSR,1
RVSN USSR,1
RVSN USSR,1
RVSN USSR,1
RVSN USSR,1
RVSN USSR,1
RVSN USSR,0
RVSN USSR,1
RVSN USSR,1
RVSN USSR,1
RVSN USSR,1
RVSN USSR,1
RVSN USSR,1
RVSN USSR,1
RVSN USSR,1
RVSN USSR,1
RVSN USSR,1
RVSN USSR,1
RVSN USSR,1
RVSN USSR,1
RVSN USSR,0
RVSN USSR,1
RVSN USSR,1
RVSN USSR,1
RVSN USSR,1
RVSN USSR,1
RVSN USSR,0
RVSN USSR,1
RVSN USSR,1
RVSN USSR,1
RVSN USSR,1
RVSN USSR,1
RVSN USSR,1
RVSN USSR,0
RVSN USSR,1
RVSN USSR,1
RVSN USSR,1
RVSN USSR,1
RVSN USSR,0
RVSN USSR,1
RVSN USSR,1
RVSN USSR,1
RVSN USSR,0
RVSN USSR,0
RVSN USSR,1
RVSN USSR,1
RVSN USSR,1
RVSN USSR,1
RVSN USSR,1
RVSN USSR,1
RVSN USSR,0
RVSN USSR,1
RVSN USSR,1
RVSN USSR,1
RVSN USSR,1
RVSN USSR,1
RVSN USSR,1
RVSN USSR,1
RVSN USSR,1
RVSN USSR,1
RVSN USSR,1
RVSN USSR,1
RVSN USSR,1
RVSN USSR,1
RVSN USSR,1
RVSN USSR,1
RVSN USSR,1
RVSN USSR,1
RVSN USSR,1
RVSN USSR,1
RVSN USSR,1
RVSN USSR,1
RVSN USSR,1
RVSN USSR,1
RVSN USSR,1
RVSN USSR,1
RVSN USSR,1
RVSN USSR,1
RVSN USSR,1
RVSN USSR,1
RVSN USSR,1
RVSN USSR,1
RVSN USSR,1
RVSN USSR,1
RVSN USSR,1
RVSN USSR,1
RVSN USSR,1
RVSN USSR,1
RVSN USSR,1
RVSN USSR,1
RVSN USSR,1
RVSN USSR,1
RVSN USSR,1
RVSN USSR,1
RVSN USSR,0
RVSN USSR,1
RVSN USSR,1
RVSN USSR,1
RVSN USSR,1
RVSN USSR,0
RVSN USSR,1
RVSN USSR,1
RVSN USSR,1
RVSN USSR,1
RVSN USSR,1
RVSN USSR,1
RVSN USSR,1
RVSN USSR,1
RVSN USSR,1
RVSN USSR,1
RVSN USSR,1
RVSN USSR,1
RVSN USSR,1
RVSN USSR,1
RVSN USSR,1
RVSN USSR,1
RVSN USSR,1
RVSN USSR,1
RVSN USSR,1
RVSN USSR,1
RVSN USSR,1
RVSN USSR,1
RVSN USSR,1
RVSN USSR,1
RVSN USSR,1
RVSN USSR,1
RVSN USSR,1
RVSN USSR,1
RVSN USSR,1
RVSN USSR,1
RVSN USSR,1
RVSN USSR,1
RVSN USSR,1
RVSN USSR,1
RVSN USSR,1
RVSN USSR,1
RVSN USSR,1
RVSN USSR,1
RVSN USSR,1
RVSN USSR,1
RVSN USSR,0
RVSN USSR,1
RVSN USSR,1
RVSN USSR,1
RVSN USSR,1
RVSN USSR,1
RVSN USSR,1
RVSN USSR,1
RVSN USSR,1
RVSN USSR,1
RVSN USSR,1
RVSN USSR,1
RVSN USSR,1
RVSN USSR,1
RVSN USSR,0
RVSN USSR,1
RVSN USSR,1
RVSN USSR,1
RVSN USSR,1
RVSN USSR,1
RVSN USSR,1
RVSN USSR,1
RVSN USSR,1
RVSN USSR,1
RVSN USSR,1
RVSN USSR,1
RVSN USSR,1
RVSN USSR,1
RVSN USSR,1
RVSN USSR,1
RVSN USSR,1
RVSN USSR,1
RVSN USSR,1
RVSN USSR,1
RVSN USSR,1
RVSN USSR,1
RVSN USSR,1
RVSN USSR,1
RVSN USSR,1
RVSN USSR,1
RVSN USSR,1
RVSN USSR,1
RVSN USSR,1
RVSN USSR,1
RVSN USSR,1
RVSN USSR,0
RVSN USSR,0
RVSN USSR,0
RVSN USSR,1
RVSN USSR,1
RVSN USSR,1
RVSN USSR,1
RVSN USSR,1
RVSN USSR,1
RVSN USSR,1
RVSN USSR,1
RVSN USSR,1
RVSN USSR,0
RVSN USSR,0
RVSN USSR,0
RVSN USSR,1
RVSN USSR,0
RVSN USSR,1
RVSN USSR,0
RVSN USSR,0
RVSN USSR,1
RVSN USSR,1
RVSN USSR,0
RVSN USSR,0
RVSN USSR,0
RVSN USSR,1
RVSN USSR,0
RVSN USSR,1
RVSN USSR,1
RVSN USSR,1
RVSN USSR,1
RVSN USSR,1
RVSN USSR,1
RVSN USSR,0
RVSN USSR,1
RVSN USSR,1
RVSN USSR,1
RVSN USSR,1
RVSN USSR,1
RVSN USSR,0
RVSN USSR,0
RVSN USSR,1
RVSN USSR,0
RVSN USSR,0
RVSN USSR,0
RVSN USSR,0
RVSN USSR,1
RVSN USSR,0
RVSN USSR,1
RVSN USSR,1
RVSN USSR,1
RVSN USSR,1
RVSN USSR,1
RVSN USSR,1
RVSN USSR,1
RVSN USSR,0
RVSN USSR,1
RVSN USSR,1
RVSN USSR,1
RVSN USSR,1
RVSN USSR,0
RVSN USSR,1
RVSN USSR,1
RVSN USSR,0
RVSN USSR,1
RVSN USSR,0
RVSN USSR,1
RVSN USSR,1
RVSN USSR,1
RVSN USSR,1
RVSN USSR,1
RVSN USSR,1
RVSN USSR,1
RVSN USSR,1
RVSN USSR,1
RVSN USSR,1
RVSN USSR,1
RVSN USSR,1
RVSN USSR,1
RVSN USSR,1
RVSN USSR,0
RVSN USSR,1
RVSN USSR,1
RVSN USSR,1
RVSN USSR,1
RVSN USSR,1
RVSN USSR,1
RVSN USSR,1
RVSN USSR,1
RVSN USSR,1
RVSN USSR,1
RVSN USSR,1
RVSN USSR,1
RVSN USSR,1
RVSN USSR,1
RVSN USSR,1
RVSN USSR,1
RVSN USSR,1
RVSN USSR,1
RVSN USSR,1
RVSN USSR,0
RVSN USSR,1
RVSN USSR,1
RVSN USSR,1
RVSN USSR,1
RVSN USSR,1
RVSN USSR,1
RVSN USSR,1
RVSN USSR,1
RVSN USSR,1
RVSN USSR,1
RVSN USSR,1
RVSN USSR,1
RVSN USSR,1
RVSN USSR,1
RVSN USSR,1
RVSN USSR,1
RVSN USSR,1
RVSN USSR,1
RVSN USSR,1
RVSN USSR,1
RVSN USSR,1
RVSN USSR,1
RVSN USSR,1
RVSN USSR,1
RVSN USSR,1
RVSN USSR,0
RVSN USSR,1
RVSN USSR,0
RVSN USSR,1
RVSN USSR,1
RVSN USSR,1
RVSN USSR,1
RVSN USSR,1
RVSN USSR,0
RVSN USSR,1
RVSN USSR,1
RVSN USSR,1
RVSN USSR,1
RVSN USSR,1
RVSN USSR,1
RVSN USSR,1
RVSN USSR,1
RVSN USSR,1
RVSN USSR,1
RVSN USSR,1
RVSN USSR,1
RVSN USSR,1
RVSN USSR,1
RVSN USSR,1
RVSN USSR,1
RVSN USSR,1
RVSN USSR,1
RVSN USSR,1
RVSN USSR,1
RVSN USSR,1
RVSN USSR,1
RVSN USSR,1
RVSN USSR,1
RVSN USSR,1
RVSN USSR,1
RVSN USSR,1
RVSN USSR,1
RVSN USSR,1
RVSN USSR,1
RVSN USSR,1
RVSN USSR,1
RVSN USSR,1
RVSN USSR,1
RVSN USSR,1
RVSN USSR,1
RVSN USSR,1
RVSN USSR,1
RVSN USSR,1
RVSN USSR,1
RVSN USSR,1
RVSN USSR,1
RVSN USSR,1
RVSN USSR,1
RVSN USSR,1
RVSN USSR,1
RVSN USSR,1
RVSN USSR,1
RVSN USSR,1
RVSN USSR,1
RVSN USSR,1
RVSN USSR,1
RVSN USSR,1
RVSN USSR,1
RVSN USSR,1
RVSN USSR,1
RVSN USSR,1
RVSN USSR,1
RVSN USSR,1
RVSN USSR,1
RVSN USSR,1
RVSN USSR,1
RVSN USSR,1
RVSN USSR,1
RVSN USSR,1
RVSN USSR,1
RVSN USSR,1
RVSN USSR,1
RVSN USSR,1
RVSN USSR,1
RVSN USSR,1
RVSN USSR,1
RVSN USSR,1
RVSN USSR,1
RVSN USSR,1
RVSN USSR,1
RVSN USSR,1
RVSN USSR,1
RVSN USSR,1
RVSN USSR,1
RVSN USSR,1
RVSN USSR,1
RVSN USSR,1
RVSN USSR,1
RVSN USSR,1
RVSN USSR,1
RVSN USSR,1
Sandia,0
Sea Launch,1
Sea Launch,1
Sea Launch,1
Sea Launch,0
Sea Launch,1
Sea Launch,1
Sea Launch,1
Sea Launch,1
Sea Launch,1
Sea Launch,1
Sea Launch,1
Sea Launch,1
Sea Launch,1
Sea Launch,1
Sea Launch,1
Sea Launch,1
Sea Launch,1
Sea Launch,1
Sea Launch,1
Sea Launch,1
Sea Launch,1
Sea Launch,1
Sea Launch,1
Sea Launch,0
Sea Launch,1
Sea Launch,1
Sea Launch,1
Sea Launch,1
Sea Launch,1
Sea Launch,1
Sea Launch,1
Sea Launch,1
Sea Launch,1
Sea Launch,1
Sea Launch,0
Sea Launch,1
SpaceX,1
SpaceX,1
SpaceX,1
SpaceX,1
SpaceX,1
SpaceX,1
SpaceX,1
SpaceX,1
SpaceX,1
SpaceX,1
SpaceX,1
SpaceX,1
SpaceX,1
SpaceX,1
SpaceX,1
SpaceX,1
SpaceX,1
SpaceX,1
SpaceX,1
SpaceX,1
SpaceX,1
SpaceX,1
SpaceX,1
SpaceX,1
SpaceX,1
SpaceX,1
SpaceX,1
SpaceX,1
SpaceX,1
SpaceX,1
SpaceX,1
SpaceX,1
SpaceX,1
SpaceX,1
SpaceX,1
SpaceX,1
SpaceX,1
SpaceX,1
SpaceX,1
SpaceX,1
SpaceX,1
SpaceX,1
SpaceX,1
SpaceX,1
SpaceX,1
SpaceX,1
SpaceX,1
SpaceX,1
SpaceX,1
SpaceX,1
SpaceX,1
SpaceX,1
SpaceX,0
SpaceX,0
SpaceX,0
SpaceX,1
SpaceX,1
SpaceX,1
SpaceX,1
SpaceX,1
SpaceX,0
SpaceX,1
SpaceX,1
SpaceX,1
SpaceX,1
SpaceX,1
SpaceX,1
SpaceX,1
SpaceX,1
SpaceX,1
SpaceX,1
SpaceX,1
SpaceX,1
SpaceX,0
SpaceX,1
SpaceX,1
SpaceX,1
SpaceX,1
SpaceX,1
SpaceX,1
SpaceX,0
SpaceX,1
SpaceX,1
SpaceX,1
SpaceX,1
SpaceX,1
SpaceX,1
SpaceX,1
SpaceX,1
SpaceX,1
SpaceX,1
SpaceX,1
SpaceX,1
SpaceX,1
SpaceX,1
SpaceX,1
SpaceX,1
SpaceX,1
SpaceX,1
SpaceX,1
SpaceX,1
SpaceX,1
SpaceX,1
SpaceX,1
SpaceX,1
SpaceX,1
SpaceX,1
SpaceX,1
SpaceX,1
SpaceX,1
SpaceX,1
SpaceX,1
SpaceX,1
SpaceX,1
SpaceX,1
SpaceX,1
SpaceX,1
SpaceX,1
SpaceX,1
SpaceX,1
SpaceX,1
SpaceX,1
SpaceX,1
SpaceX,1
SpaceX,1
SpaceX,1
SpaceX,1
SpaceX,1
SpaceX,1
SpaceX,1
SpaceX,1
SpaceX,1
SpaceX,1
SpaceX,1
SpaceX,1
SpaceX,1
SpaceX,1
SpaceX,1
SpaceX,1
SpaceX,1
SpaceX,1
SpaceX,1
SpaceX,1
SpaceX,1
SpaceX,1
SpaceX,1
SpaceX,1
SpaceX,1
SpaceX,1
SpaceX,1
SpaceX,1
SpaceX,1
SpaceX,1
SpaceX,1
SpaceX,1
SpaceX,1
SpaceX,1
SpaceX,1
SpaceX,1
SpaceX,1
SpaceX,1
SpaceX,1
SpaceX,1
SpaceX,1
SpaceX,1
SpaceX,1
SpaceX,1
SpaceX,1
SpaceX,1
SpaceX,1
SpaceX,1
SpaceX,1
SpaceX,1
SpaceX,1
SpaceX,1
SpaceX,1
SpaceX,1
SpaceX,0
SpaceX,1
SpaceX,0
SpaceX,0
SpaceX,0
SRC,1
SRC,0
SRC,1
Starsem,1
Starsem,1
Starsem,1
Starsem,1
Starsem,1
Starsem,1
Starsem,1
Starsem,1
Starsem,1
Starsem,1
ULA,1
ULA,1
ULA,1
ULA,1
ULA,1
ULA,1
ULA,1
ULA,1
ULA,1
ULA,1
ULA,1
ULA,1
ULA,1
ULA,1
ULA,1
ULA,1
ULA,1
ULA,1
ULA,1
ULA,1
ULA,1
ULA,1
ULA,1
ULA,1
ULA,1
ULA,1
ULA,1
ULA,1
ULA,1
ULA,1
ULA,1
ULA,1
ULA,1
ULA,1
ULA,1
ULA,1
ULA,1
ULA,1
ULA,1
ULA,1
ULA,1
ULA,1
ULA,1
ULA,1
ULA,1
ULA,1
ULA,1
ULA,1
ULA,1
ULA,1
ULA,1
ULA,1
ULA,1
ULA,1
ULA,1
ULA,1
ULA,1
ULA,1
ULA,1
ULA,1
ULA,1
ULA,1
ULA,1
ULA,1
ULA,1
ULA,1
ULA,1
ULA,1
ULA,1
ULA,1
ULA,1
ULA,1
ULA,1
ULA,1
ULA,1
ULA,1
ULA,0
ULA,1
ULA,1
ULA,1
ULA,1
ULA,1
ULA,1
ULA,1
ULA,1
ULA,1
ULA,1
ULA,1
ULA,1
ULA,1
ULA,1
ULA,1
ULA,1
ULA,1
ULA,1
ULA,1
ULA,1
ULA,1
ULA,1
ULA,1
ULA,1
ULA,1
ULA,1
ULA,1
ULA,1
ULA,1
ULA,1
ULA,1
ULA,1
ULA,1
ULA,1
ULA,1
ULA,1
ULA,1
ULA,1
ULA,1
ULA,1
ULA,1
ULA,1
ULA,1
ULA,1
ULA,1
ULA,1
ULA,1
ULA,1
ULA,1
ULA,1
ULA,1
ULA,1
ULA,1
ULA,1
ULA,1
ULA,1
ULA,1
ULA,1
ULA,1
ULA,1
ULA,1
ULA,1
ULA,1
ULA,1
ULA,1
ULA,1
ULA,1
ULA,1
ULA,1
ULA,1
ULA,1
ULA,1
ULA,1
ULA,1
US Air Force,1
US Air Force,0
US Air Force,1
US Air Force,0
US Air Force,0
US Air Force,1
US Air Force,1
US Air Force,1
US Air Force,1
US Air Force,1
US Air Force,1
US Air Force,1
US Air Force,1
US Air Force,1
US Air Force,1
US Air Force,1
US Air Force,1
US Air Force,1
US Air Force,1
US Air Force,1
US Air Force,1
US Air Force,1
US Air Force,0
US Air Force,0
US Air Force,1
US Air Force,1
US Air Force,1
US Air Force,1
US Air Force,0
US Air Force,0
US Air Force,1
US Air Force,1
US Air Force,1
US Air Force,0
US Air Force,0
US Air Force,0
US Air Force,1
US Air Force,1
US Air Force,1
US Air Force,1
US Air Force,1
US Air Force,1
US Air Force,0
US Air Force,1
US Air Force,1
US Air Force,1
US Air Force,1
US Air Force,1
US Air Force,0
US Air Force,1
US Air Force,1
US Air Force,1
US Air Force,1
US Air Force,1
US Air Force,0
US Air Force,1
US Air Force,1
US Air Force,0
US Air Force,0
US Air Force,1
US Air Force,1
US Air Force,0
US Air Force,0
US Air Force,1
US Air Force,1
US Air Force,1
US Air Force,0
US Air Force,1
US Air Force,0
US Air Force,1
US Air Force,0
US Air Force,1
US Air Force,1
US Air Force,1
US Air Force,1
US Air Force,1
US Air Force,1
US Air Force,0
US Air Force,1
US Air Force,1
US Air Force,1
US Air Force,0
US Air Force,1
US Air Force,1
US Air Force,1
US Air Force,0
US Air Force,0
US Air Force,1
US Air Force,1
US Air Force,1
US Air Force,1
US Air Force,1
US Air Force,1
US Air Force,1
US Air Force,1
US Air Force,1
US Air Force,1
US Air Force,1
US Air Force,1
US Air Force,1
US Air Force,1
US Air Force,0
US Air Force,0
US Air Force,1
US Air Force,1
US Air Force,1
US Air Force,1
US Air Force,1
US Air Force,1
US Air Force,1
US Air Force,1
US Air Force,1
US Air Force,1
US Air Force,1
US Air Force,1
US Air Force,1
US Air Force,1
US Air Force,1
US Air Force,1
US Air Force,1
US Air Force,1
US Air Force,1
US Air Force,1
US Air Force,1
US Air Force,1
US Air Force,1
US Air Force,1
US Air Force,1
US Air Force,1
US Air Force,1
US Air Force,1
US Air Force,0
US Air Force,1
US Air Force,1
US Air Force,1
US Air Force,0
US Air Force,1
US Air Force,1
US Air Force,1
US Air Force,1
US Air Force,1
US Air Force,1
US Air Force,1
US Air Force,1
US Air Force,1
US Air Force,1
US Air Force,1
US Air Force,1
US Air Force,1
US Air Force,1
US Air Force,1
US Air Force,1
US Air Force,0
US Air Force,1
US Air Force,1
US Air Force,0
US Air Force,1
US Air Force,0
US Air Force,0
US Air Force,1
US Air Force,1
US Navy,0
US Navy,0
US Navy,0
US Navy,0
US Navy,0
US Navy,0
US Navy,0
US Navy,0
US Navy,0
US Navy,0
US Navy,0
US Navy,1
US Navy,0
US Navy,0
US Navy,0
US Navy,1
US Navy,0
UT,0
UT,0
UT,0
UT,1
Virgin Galactic,0
Virgin Galactic,1
Virgin Galactic,1
Virgin Orbit,0
Virgin Orbit,1
Virgin Orbit,1
Virgin Orbit,1
Virgin Orbit,1
VKS RF,1
VKS RF,1
VKS RF,1
VKS RF,1
VKS RF,1
VKS RF,1
VKS RF,1
VKS RF,1
VKS RF,1
VKS RF,0
VKS RF,1
VKS RF,1
VKS RF,1
VKS RF,1
VKS RF,1
VKS RF,1
VKS RF,1
VKS RF,1
VKS RF,1
VKS RF,1
VKS RF,1
VKS RF,1
VKS RF,1
VKS RF,1
VKS RF,0
VKS RF,1
VKS RF,1
VKS RF,1
VKS RF,1
VKS RF,1
VKS RF,1
VKS RF,1
VKS RF,1
VKS RF,1
VKS RF,1
VKS RF,1
VKS RF,1
VKS RF,1
VKS RF,1
VKS RF,1
VKS RF,1
VKS RF,1
VKS RF,1
VKS RF,1
VKS RF,1
VKS RF,1
VKS RF,1
VKS RF,1
VKS RF,1
VKS RF,1
VKS RF,1
VKS RF,1
VKS RF,1
VKS RF,1
VKS RF,1
VKS RF,1
VKS RF,1
VKS RF,0
VKS RF,1
VKS RF,1
VKS RF,1
VKS RF,0
VKS RF,1
VKS RF,1
VKS RF,1
VKS RF,1
VKS RF,1
VKS RF,1
VKS RF,1
VKS RF,1
VKS RF,1
VKS RF,1
VKS RF,1
VKS RF,1
VKS RF,1
VKS RF,1
VKS RF,1
VKS RF,1
VKS RF,1
VKS RF,1
VKS RF,1
VKS RF,1
VKS RF,1
VKS RF,1
VKS RF,0
VKS RF,1
VKS RF,1
VKS RF,1
VKS RF,1
VKS RF,1
VKS RF,1
VKS RF,1
VKS RF,1
VKS RF,1
VKS RF,1
VKS RF,1
VKS RF,1
VKS RF,1
VKS RF,1
VKS RF,1
VKS RF,1
VKS RF,1
VKS RF,1
VKS RF,1
VKS RF,1
VKS RF,0
VKS RF,0
VKS RF,1
VKS RF,1
VKS RF,1
VKS RF,1
VKS RF,1
VKS RF,1
VKS RF,0
VKS RF,1
VKS RF,1
VKS RF,1
VKS RF,1
VKS RF,0
VKS RF,1
VKS RF,1
VKS RF,1
VKS RF,0
VKS RF,1
VKS RF,1
VKS RF,1
VKS RF,1
VKS RF,1
VKS RF,1
VKS RF,1
VKS RF,1
VKS RF,1
VKS RF,1
VKS RF,1
VKS RF,1
VKS RF,1
VKS RF,1
VKS RF,1
VKS RF,1
VKS RF,1
VKS RF,1
VKS RF,1
VKS RF,1
VKS RF,1
VKS RF,1
VKS RF,1
VKS RF,1
VKS RF,1
VKS RF,1
VKS RF,1
VKS RF,1
VKS RF,1
VKS RF,1
VKS RF,1
VKS RF,0
VKS RF,1
VKS RF,1
VKS RF,1
VKS RF,1
VKS RF,1
VKS RF,1
VKS RF,1
VKS RF,1
VKS RF,1
VKS RF,1
VKS RF,1
VKS RF,1
VKS RF,1
VKS RF,1
VKS RF,1
VKS RF,1
VKS RF,1
VKS RF,1
VKS RF,1
VKS RF,1
VKS RF,1
VKS RF,1
VKS RF,1
VKS RF,1
VKS RF,1
VKS RF,1
VKS RF,1
VKS RF,1
VKS RF,1
VKS RF,1
VKS RF,1
VKS RF,1
VKS RF,1
VKS RF,1
VKS RF,0
VKS RF,1
VKS RF,1
VKS RF,0
VKS RF,1
VKS RF,1
VKS RF,1
VKS RF,1
VKS RF,1
VKS RF,1
VKS RF,0
VKS RF,1
VKS RF,1
VKS RF,1
VKS RF,1
VKS RF,1
VKS RF,1
VKS RF,1
VKS RF,1
VKS RF,1
VKS RF,1
VKS RF,1
VKS RF,1
VKS RF,1
VKS RF,1
VKS RF,1
Yuzhmash,1
Yuzhmash,1
